{
    "uvs":[],
    "metadata":{
        "uvs":0,
        "generator":"io_three",
        "vertices":37,
        "version":3,
        "faces":70,
        "normals":67,
        "type":"Geometry"
    },
    "normals":[0.5,4.25748e-08,-0.866025,1,8.51495e-08,3.78184e-07,0.5,6.38621e-08,0.866026,-0.5,-8.51495e-08,0.866025,-1,-1.70299e-07,-0,-0.5,-1.27724e-07,-0.866025,-6.88255e-08,-1,0,0.377964,0.654654,-0.654654,0.487058,0.226045,-0.84361,0.147788,0.955319,-0.255977,0.755929,0.654654,5.20272e-08,0.974117,0.226045,5.80619e-08,0.295577,0.955319,0,0.487058,0.226045,0.84361,0.147788,0.955319,0.255977,0.377964,0.654654,0.654653,-0.487058,0.226045,0.84361,-0.147788,0.955319,0.255977,-0.377965,0.654654,0.654653,-0.974117,0.226045,0,-0.295577,0.955319,-6.57504e-08,-0.755929,0.654654,-1.95444e-07,-0.487058,0.226045,-0.84361,-0.147788,0.955319,-0.255977,-0.377964,0.654654,-0.654654,1,-0,0,0,1,-0,-0,-1,-0,5.42423e-08,0.5,-0.866025,0,-0.5,0.866025,2.56016e-06,0.499993,0.86603,1,8.51495e-08,-1.35608e-07,-2.50142e-06,-0.500007,-0.866021,0.5,5.70393e-09,-0.866025,1,6.91318e-08,5.96046e-08,1,0,0,1,3.09108e-07,-1.74424e-07,0.5,8.51495e-08,0.866025,-0.5,-4.82787e-08,0.866025,-1,-1.70299e-07,0,-0.5,-4.25747e-08,-0.866025,-6.88255e-08,-1,1.19209e-07,-6.88255e-08,-1,-4.10232e-15,-6.88255e-08,-1,1.19209e-07,0.377964,0.654654,-0.654654,0.487058,0.226045,-0.84361,0.755929,0.654654,0,0.974117,0.226045,6.70441e-08,0.487058,0.226045,0.84361,0.377964,0.654654,0.654654,-0.487059,0.226045,0.84361,-0.377965,0.654654,0.654654,-0.974117,0.226045,-2.68176e-07,-0.755929,0.654654,-1.80228e-07,-0.487058,0.226044,-0.84361,-0.377964,0.654654,-0.654654,1,0,-0,1.08485e-07,1,3.54902e-07,-1.08485e-07,-1,3.54909e-07,4.24985e-08,0.5,-0.866025,-5.42422e-08,-0.5,0.866026,0,0.5,0.866025,1,-1.0563e-07,5.96046e-08,1,7.83213e-07,3.54903e-07,1,8.30711e-08,-1.43883e-07,1,5.3337e-08,9.23807e-08,-5.42423e-08,-0.5,-0.866025],
    "faces":[32,1,2,0,0,0,0,32,35,5,4,1,1,1,32,5,6,4,2,2,2,32,7,8,6,3,3,3,32,9,10,8,4,4,4,32,11,0,10,5,5,5,32,4,8,10,6,6,6,32,12,16,13,7,7,7,32,13,3,1,8,8,8,32,12,14,15,9,9,9,32,15,18,16,10,10,10,32,16,5,3,11,11,11,32,15,14,17,12,12,12,32,5,20,7,13,13,13,32,17,14,19,14,14,14,32,18,19,20,15,15,15,32,20,9,7,16,16,16,32,19,14,21,17,17,17,32,19,22,20,18,18,18,32,22,11,9,19,19,19,32,21,14,23,20,20,20,32,22,23,24,21,21,21,32,11,13,1,22,22,22,32,23,14,12,23,23,23,32,24,12,13,24,24,24,32,25,28,27,25,25,25,32,34,29,30,26,26,26,32,33,26,27,27,27,27,32,32,25,31,28,28,28,32,36,28,35,29,29,29,32,35,29,34,30,30,30,32,31,2,3,31,31,31,32,31,26,33,32,32,32,32,1,3,2,33,33,33,32,4,2,33,34,34,34,32,4,33,36,35,35,35,32,4,36,35,35,35,35,32,35,34,5,36,36,36,32,5,7,6,37,37,37,32,7,9,8,38,38,38,32,9,11,10,39,39,39,32,11,1,0,40,40,40,32,10,0,2,41,41,41,32,2,4,10,42,42,42,32,6,8,4,43,43,43,32,12,15,16,44,44,44,32,13,16,3,45,45,45,32,15,17,18,46,46,46,32,16,18,5,47,47,47,32,5,18,20,48,48,48,32,18,17,19,49,49,49,32,20,22,9,50,50,50,32,19,21,22,51,51,51,32,22,24,11,52,52,52,32,22,21,23,53,53,53,32,11,24,13,54,54,54,32,24,23,12,55,55,55,32,27,26,25,56,56,56,32,25,30,29,35,35,35,32,29,28,25,25,25,25,32,30,32,34,57,57,57,32,27,36,33,58,58,58,32,32,30,25,59,59,59,32,36,27,28,60,60,60,32,35,28,29,61,61,61,32,3,5,34,62,62,62,32,3,34,32,63,63,63,32,3,32,31,64,64,64,32,31,33,2,65,65,65,32,31,25,26,66,66,66],
    "vertices":[0,0.5,-1,-1.19209e-07,1.9,-1,0.866025,0.5,-0.5,0.866025,1.9,-0.5,0.866025,0.5,0.5,0.866025,1.9,0.5,0,0.5,1,-2.38419e-07,1.9,1,-0.866025,0.5,0.5,-0.866026,1.9,0.5,-0.866025,0.5,-0.5,-0.866026,1.9,-0.5,-1.19209e-07,2.76603,-0.5,-1.19209e-07,2.4,-0.866026,-2.38419e-07,2.9,-1.9744e-07,0.433012,2.76603,-0.25,0.75,2.4,-0.433013,0.433012,2.76603,0.25,0.75,2.4,0.433013,-2.38419e-07,2.76603,0.5,-3.57628e-07,2.4,0.866025,-0.433013,2.76603,0.25,-0.75,2.4,0.433012,-0.433013,2.76603,-0.25,-0.75,2.4,-0.433013,1.96489,1.4,-0.374418,1.96489,1.10911,-0.206473,1.96489,1.10911,0.129417,1.96489,1.4,0.297362,1.96489,1.69089,0.129417,1.96489,1.69089,-0.206473,0.866025,1.4,-0.374418,0.866025,1.69089,-0.206473,0.866025,1.10911,-0.20647,0.866025,1.69089,0.12942,0.866025,1.4,0.297362,0.866025,1.10911,0.129417]
}