{
  "colors":[],
  "vertices":[2.35917,1.49432e-08,1.24,2.35917,1.16191e-07,1.76,-2.35785,1.49432e-08,1.24,-2.35785,1.16191e-07,1.76,2.73729,0.125802,1.38277,2.73729,0.125802,1.61723,2.35186,0.0228632,1.24,2.35186,0.0228633,1.76,-2.36515,0.0228632,1.24,-2.36515,0.0228633,1.76,2.72999,0.148665,1.38277,2.72999,0.148665,1.61723,2.42212,-5.42021e-08,-1.76,2.42212,-7.6932e-08,-1.24,-2.2949,-5.42021e-08,-1.76,-2.2949,-7.6932e-08,-1.24,2.80024,0.125802,-1.61723,2.80024,0.125802,-1.38277,2.41481,0.0228631,-1.76,2.41481,0.0228631,-1.24,-2.3022,0.0228631,-1.76,-2.3022,0.0228631,-1.24,2.79294,0.148665,-1.61723,2.79294,0.148665,-1.38277],
  "normals":[9.41463e-15,-1,1.94707e-07,0.315684,-0.948864,1.85857e-07,-9.41463e-15,1,-1.89847e-07,-0.315684,0.948864,-1.61076e-07,0.321295,0.102639,-0.941401,-0.952575,-0.304303,5.82975e-08,0.321296,0.102639,0.9414,0.952575,0.304304,-5.81826e-08,5.05444e-08,1.61466e-08,1,-5.05444e-08,-1.61466e-08,-1,-2.89681e-15,-1,-4.37114e-08,0.315684,-0.948864,-1.23905e-08,1.0863e-15,1,4.29841e-08,-0.315684,0.948864,3.71715e-08,0.321295,0.102639,-0.941401,-0.952575,-0.304303,-1.28254e-08,0.321295,0.102639,0.9414,0.952575,0.304303,0,2.52722e-08,8.07329e-09,1,-2.52722e-08,-8.07329e-09,-1],
  "uvs":[],
  "metadata":{
    "version":3,
    "generator":"io_three",
    "faces":20,
    "colors":0,
    "normals":20,
    "type":"Geometry",
    "uvs":0,
    "materials":1,
    "vertices":24
  },
  "materials":[{
    "vertexColors":false,
    "DbgColor":15658734,
    "DbgIndex":0,
    "shading":"phong",
    "visible":true,
    "wireframe":false,
    "colorSpecular":[0.5,0.5,0.5],
    "depthTest":true,
    "depthWrite":true,
    "transparent":false,
    "blending":"NormalBlending",
    "colorEmissive":[0,0,0],
    "DbgName":"Material.001",
    "opacity":1,
    "specularCoef":50
  }],
  "faces":[35,0,1,3,2,0,0,0,0,0,35,1,0,4,5,0,1,1,1,1,35,6,8,9,7,0,2,2,2,2,35,7,11,10,6,0,3,3,3,3,35,0,6,10,4,0,4,4,4,4,35,3,9,8,2,0,5,5,5,5,35,5,11,7,1,0,6,6,6,6,35,4,10,11,5,0,7,7,7,7,35,1,7,9,3,0,8,8,8,8,35,6,0,2,8,0,9,9,9,9,35,12,13,15,14,0,10,10,10,10,35,13,12,16,17,0,11,11,11,11,35,18,20,21,19,0,12,12,12,12,35,19,23,22,18,0,13,13,13,13,35,12,18,22,16,0,14,14,14,14,35,15,21,20,14,0,15,15,15,15,35,17,23,19,13,0,16,16,16,16,35,16,22,23,17,0,17,17,17,17,35,13,19,21,15,0,18,18,18,18,35,14,20,18,12,0,19,19,19,19]
}
