{
    "uvs":[],
    "metadata":{
        "uvs":0,
        "generator":"io_three",
        "vertices":24,
        "version":3,
        "faces":20,
        "normals":20,
        "type":"Geometry"
    },
    "normals":[-2.17261e-15,-1,-4.37114e-08,0.315684,-0.948864,-4.9562e-08,2.17261e-15,1,4.29841e-08,-0.315684,0.948864,3.71715e-08,0.321295,0.102639,-0.9414,-0.952575,-0.304303,-1.34084e-08,0.321295,0.102639,0.9414,0.952575,0.304304,1.93942e-08,5.05444e-08,1.61466e-08,1,-5.05444e-08,-1.61466e-08,-1,3.62101e-15,-1,1.94707e-07,0.315684,-0.948864,1.85857e-07,-6.51782e-15,1,-1.93429e-07,-0.315684,0.948864,-1.98248e-07,0.321295,0.102639,-0.9414,-0.952575,-0.304303,5.94634e-08,0.321295,0.102639,0.9414,0.952575,0.304304,-7.75768e-08,2.52722e-08,8.07329e-09,1,-3.79083e-08,-1.21099e-08,-1],
    "faces":[33,0,1,3,2,0,0,0,0,33,1,0,4,5,1,1,1,1,33,6,8,9,7,2,2,2,2,33,7,11,10,6,3,3,3,3,33,0,6,10,4,4,4,4,4,33,3,9,8,2,5,5,5,5,33,5,11,7,1,6,6,6,6,33,4,10,11,5,7,7,7,7,33,1,7,9,3,8,8,8,8,33,6,0,2,8,9,9,9,9,33,12,13,15,14,10,10,10,10,33,13,12,16,17,11,11,11,11,33,18,20,21,19,12,12,12,12,33,19,23,22,18,13,13,13,13,33,12,18,22,16,14,14,14,14,33,15,21,20,14,15,15,15,15,33,17,23,19,13,16,16,16,16,33,16,22,23,17,17,17,17,17,33,13,19,21,15,18,18,18,18,33,14,20,18,12,19,19,19,19],
    "vertices":[2.42212,-3.23464e-08,-1.26,2.42212,-5.50763e-08,-0.74,-2.2949,-3.23464e-08,-1.26,-2.2949,-5.50763e-08,-0.74,2.80024,0.125802,-1.11723,2.80024,0.125802,-0.882769,2.41481,0.0228631,-1.26,2.41481,0.0228631,-0.74,-2.3022,0.0228631,-1.26,-2.3022,0.0228631,-0.74,2.79294,0.148665,-1.11723,2.79294,0.148665,-0.882769,2.35917,-6.91248e-09,0.74,2.35917,9.43352e-08,1.26,-2.35785,-6.91247e-09,0.74,-2.35785,9.43353e-08,1.26,2.73729,0.125802,0.882769,2.73729,0.125802,1.11723,2.35186,0.0228631,0.74,2.35186,0.0228632,1.26,-2.36515,0.0228631,0.74,-2.36515,0.0228632,1.26,2.72999,0.148665,0.882769,2.72999,0.148665,1.11723]
}